nombre,id_municipio
BOGOTA,1
SAN ANDRES,2
CUCUTA,3
SANTA MARTA,4
ENVIGADO,5
POPAYAN,6
VILLAVICENCIO,7
CARTAGENA,8
CALI,9
MEDELLIN,10
BARRANQUILLA,11
PEREIRA,12
ALBANIA,13
ARMENIA,14
NEIVA,15
VALLEDUPAR,16
TULUA,17
CARTAGO,18
GUADALAJARA DE BUGA,19
BUCARAMANGA,20
MANIZALES,21
PASTO,22
PALMIRA,23
RICAURTE,24
VILLA DE LEYVA,25
BUENAVENTURA,26
BARRANCABERMEJA,27
VERSALLES,28
ITAGuI,29
ACANDI,30
LA DORADA,31
CALARCA,32
DOSQUEBRADAS,33
FLORIDABLANCA,34
RIOHACHA,35
BARBOSA,36
IBAGUE,37
TUNJA,38
SOGAMOSO,39
LETICIA,40
RIONEGRO,41
NOBSA,42
ARAUCA,43
ANAPOIMA,44
IPIALES,45
CHIQUINQUIRA,46
PAIPA,47
CHINACOTA,48
SAN AGUSTIN,49
BARICHARA,50
CALIMA,51
SASAIMA,52
GIRARDOT,53
FUQUENE,54
CIUDAD BOLIVAR,55
SAN ANTERO,56
SINCELEJO,57
SANTA ROSA DE CABAL,58
PALESTINA,59
SUPIA,60
PENSILVANIA,61
ZIPAQUIRA,62
PROVIDENCIA,63
BAHIA SOLANO,64
PACHO,65
RIVERA,66
MELGAR,67
ESPINAL,68
PITALITO,69
GARZON,70
SANTAFE DE ANTIOQUIA,71
MARIQUITA,72
LA TEBAIDA,73
MONTERIA,74
GUACARI,75
TUMACO,76
ABEJORRAL,77
MAICAO,78
PAMPLONA,79
SEVILLA,80
SALGAR,81
CUITIVA,82
SAN GIL,83
SAN JOSE DEL GUAVIARE,84
YAGUARA,85
LA PLATA,86
CHIA,87
CHACHAGuI,88
PINCHOTE,89
MOMPOS,90
FLORENCIA,91
MARSELLA,92
PUERTO NARINO,93
MONIQUIRA,94
PIEDECUESTA,95
JARDIN,96
PURACE,97
DUITAMA,98
PUERTO BERRIO,99
LA UNION,100
CAICEDONIA,101
MONTENEGRO,102
GIRON,103
OCANA,104
PUERTO LOPEZ,105
CAUCASIA,106
PUEBLO NUEVO,107
SALENTO,108
CERETE,109
EL CERRITO,110
NILO,111
SOPO,112
TURBO,113
TIBASOSA,114
PALERMO,115
SAHAGUN,116
EL COLEGIO,117
AGUACHICA,118
YOPAL,119
ACACIAS,120
APARTADO,121
VILLA DE SAN DIEGO DE UBATE,122
LA APARTADA,123
HONDA,124
FUSAGASUGA,125
VILLETA,126
SOCORRO,127
ARMERO,128
VILLAMARIA,129
SANTIAGO DE TOLU,130
CIRCASIA,131
TIBANA,132
VALPARAISO,133
CARMEN DE APICALA,134
JUAN DE ACOSTA,135
LA VIRGINIA,136
BOJACA,137
AGUAZUL,138
QUIBDO,139
PENOL,140
PUERTO COLOMBIA,141
SANTA ROSA DE OSOS,142
PUERTO CARRENO,143
NUQUI,144
COVENAS,145
TOCAIMA,146
VILLA DEL ROSARIO,147
ROLDANILLO,148
VILLAPINZON,149
LA VEGA,150
PAZ DE ARIPORO,151
CHOCONTA,152
LA PINTADA,153
VIOTA,154
CAPARRAPI,155
FOMEQUE,156
LA MESA,157
BELLO,158
QUIMBAYA,159
SOACHA,160
MOSQUERA,161
FLANDES,162
BUENAVISTA,163
CHINCHINA,164
SAN JERONIMO,165
SUESCA,166
SOLEDAD,167
SAN ANTONIO DEL TEQUENDAMA,168
ALVARADO,169
SAN FRANCISCO,170
CUMARAL,171
TOLUVIEJO,172
CHINU,173
SABANALARGA,174
CIENAGA,175
CALDAS,176
ALCALA,177
BELALCAZAR,178
PUERTO ASIS,179
YUMBO,180
TURBACO,181
FACATATIVA,182
LEBRIJA,183
CURITI,184
SANTANDER DE QUILICHAO,185
PURIFICACION,186
CALAMAR,187
MONTELIBANO,188
PARATEBUENO,189
TIERRALTA,190
GRANADA,191
LOS PATIOS,192
MARINILLA,193
PUERTO BOYACA,194
SANTA ROSA DE VITERBO,195
EL BANCO,196
CONTRATACION,197
FILANDIA,198
YOTOCO,199
SABANETA,200
CAROLINA,201
GUAMO,202
ENTRERRIOS,203
GARAGOA,204
COPACABANA,205
LIBANO,206
COGUA,207
PARAMO,208
DIBULLA,209
SOPETRAN,210
RIOSUCIO,211
CORDOBA,212
GUADUAS,213
LA CALERA,214
URIBIA,215
SUBACHOQUE,216
DON MATIAS,217
INZA,218
LA CEJA,219
CUCUNUBA,220
MALAGA,221
CAJICA,222
EL SANTUARIO,223
GUAMAL,224
CHARALA,225
LA ESTRELLA,226
AMAGA,227
ZARZAL,228
ULLOA,229
GUATEQUE,230
PIENDAMO,231
MONTERREY,232
SAN BERNARDO DEL VIENTO,233
RAQUIRA,234
VENECIA,235
COROZAL,236
MONITOS,237
CAQUEZA,238
SABANA DE TORRES,239
RESTREPO,240
IZA,241
PLANETA RICA,242
GUASCA,243
NECOCLI,244
PIJAO,245
VILLANUEVA,246
NEMOCON,247
FREDONIA,248
LA MACARENA,249
NIMAIMA,250
LORICA,251
SAN LUIS,252
APIA,253
FRESNO,254
GIRARDOTA,255
GUATAPE,256
TITIRIBI,257
JAMUNDI,258
APULO,259
CHIGORODO,260
MANAURE,261
PLATO,262
PRADO,263
VELEZ,264
COELLO,265
PUERTO GAITAN,266
MACANAL,267
SAN PELAYO,268
AMBALEMA,269
INIRIDA,270
SUTAMARCHAN,271
TARAZA,272
VITERBO,273
CHAPARRAL,274
MALAMBO,275
SEGOVIA,276
OIBA,277
CHOACHI,278
LA CUMBRE,279
MADRID,280
GUAPI,281
TAMESIS,282
ISNOS,283
SILVIA,284
AGUA DE DIOS,285
BETANIA,286
SAMACA,287
NOCAIMA,288
TIMANA,289
CACHIPAY,290
GUATAVITA,291
MOCOA,292
BARRANCAS,293
TABIO,294
PUERTO TRIUNFO,295
PAUNA,296
SAN ALBERTO,297
COMBITA,298
TUQUERRES,299
AIPE,300
SIBATE,301
GIGANTE,302
BALBOA,303
SARAVENA,304
VISTA HERMOSA,305
CONDOTO,306
ANSERMA,307
VILLAVIEJA,308
HISPANIA,309
VENADILLO,310
CISNEROS,311
GUARNE,312
FRONTINO,313
LIBORINA,314
ARANZAZU,315
YARUMAL,316
GOMEZ PLATA,317
BOSCONIA,318
OLAYA,319
UTICA,320
ORITO,321
VALLE DEL GUAMUEZ,322
SAN MARTIN,323
PUENTE NACIONAL,324
MANI,325
RISARALDA,326
GACHANCIPA,327
BOCHALEMA,328
LOS SANTOS,329
URRAO,330
BELMIRA,331
JERICO,332
LERIDA,333
TADO,334
TRUJILLO,335
SAN PEDRO,336
SAN JOSE DE MIRANDA,337
EL ZULIA,338
VERGARA,339
ANOLAIMA,340
SORACA,341
YOLOMBO,342
EL CARMEN DE VIBORAL,343
PUERTO RICO,344
PALMAS DEL SOCORRO,345
SANTANA,346
TENZA,347
ANDALUCIA,348
NEIRA,349
CUBARRAL,350
COTA,351
CEPITA,352
BELEN DE UMBRIA,353
SUSA,354
AQUITANIA,355
SOTAQUIRA,356
COCORNA,357
GACHETA,358
CARACOLI,359
MACEO,360
TINJACA,361
SIMIJACA,362
ISTMINA,363
PUEBLO BELLO,364
UNE,365
EL BAGRE,366
GüICAN,367
FUNZA,368
ANGOSTURA,369
CURUMANI,370
TOCANCIPA,371
MONGUI,372
OROCUE,373
EL COCUY,374
VILLAGARZON,375
SAN LUIS DE PALENQUE,376
GINEBRA,377
SACHICA,378
CAREPA,379
LA PLAYA,380
LA JAGUA DE IBIRICO,381
PUERTO WILCHES,382
EL CARMEN DE BOLIVAR,383
SANTA CATALINA,384
MAGANGUE,385
SAN JUAN DE URABA,386
AGUADAS,387
ZAPATOCA,388
NATAGAIMA,389
EL DONCELLO,390
PLANADAS,391
SAN VICENTE DEL CAGUAN,392
BARAYA,393
NATAGA,394
GUADALUPE,395
TELLO,396
ALGECIRAS,397
ALTAMIRA,398
CAMPOALEGRE,399
TESALIA,400
COLOMBIA,401
DOLORES,402
ALPUJARRA,403
ACEVEDO,404
PUERTO ESCONDIDO,405
GACHANTIVA,406
CIMITARRA,407
PAICOL,408
CALIFORNIA,409
SAN RAFAEL,410
ARBOLETES,411
TERUEL,412
CONCORDIA,413
TAURAMENA,414
VALLE DE SAN JOSE,415
RIO DE ORO,416
TOLEDO,417
DABEIBA,418
TAME,419
EL PASO,420
VALLE DE SAN JUAN,421
SAN JUAN DE ARAMA,422
FLORIAN,423
CAPITANEJO,424
SAN JOAQUIN,425
TARSO,426
SAN JOSE DE LA MONTANA,427
PAILITAS,428
ARATOCA,429
BUGALAGRANDE,430
SAN MATEO,431
SALAMINA,432
SUAITA,433
PUERTO SALGAR,434
CONCEPCION,435
TRINIDAD,436
AYAPEL,437
GüEPSA,438
VALENCIA,439
CHIPATA,440
RAMIRIQUI,441
RETIRO,442
FIRAVITOBA,443
ENCINO,444
LA ARGENTINA,445
LEGUIZAMO,446
CIENEGA,447
MUTATA,448
TIBU,449
MIRAFLORES,450
RIOBLANCO,451
PUERTO LIBERTADOR,452
PAMPLONITA,453
MAHATES,454
TOCA,455
LA CELIA,456
MATANZA,457
YALI,458
CERRITO,459
UBAQUE,460
BOLIVAR,461
LA PRIMAVERA,462
SIBUNDOY,463
FLORIDA,464
ARJONA,465
DISTRACCION,466
SAN PEDRO DE URABA,467
AMALFI,468
PELAYA,469
ANDES,470
PORE,471
CHIRIGUANA,472
YONDO,473
MITU,474
PUEBLO RICO,475
GALAPA,476
FONSECA,477
PUERTO CAICEDO,478
EL CARMEN DE CHUCURI,479
SARDINATA,480
ARIGUANI,481
BARRANCA DE UPIA,482
NUEVO COLON,483
GUATAQUI,484
SAN JOSE DE PARE,485
LA GLORIA,486
CHIMICHAGUA,487
GUACHETA,488
CHIVOR,489
SIN_ESP,490
MOGOTES,491
CABUYARO,492
TENA,493
GACHALA,494
CALDONO,495
PUERTO GUZMAN,496
SUTATAUSA,497
TAMALAMEQUE,498
PUEBLOVIEJO,499
SANTA MARIA,500
SANDONA,501
OCAMONTE,502
VALDIVIA,503
HOBO,504
CUMBAL,505
GAMBITA,506
SAN VICENTE DE CHUCURI,507
PIVIJAY,508
LA MONTANITA,509
SANTUARIO,510
VIJES,511
OICATA,512
SILVANIA,513
REMEDIOS,514
TOTA,515
CASTILLA LA NUEVA,516
PRADERA,517
HATO COROZAL,518
AGRADO,519
LA PENA,520
SONSON,521
PESCA,522
EL COPEY,523
AGUSTIN CODAZZI,524
CHITARAQUE,525
NUNCHIA,526
SESQUILE,527
SAN CARLOS,528
NARINO,529
QUINCHIA,530
JORDAN,531
ICONONZO,532
CONVENCION,533
TENJO,534
JUNIN,535
ARCABUCO,536
EBEJICO,537
ARBELAEZ,538
SAN JUAN DEL CESAR,539
ORTEGA,540
ANORI,541
PUERTO LLERAS,542
TOTORO,543
MANZANARES,544
GUTIERREZ,545
CABRERA,546
MISTRATO,547
CAJIBIO,548
VEGACHI,549
RIOFRIO,550
CARTAGENA DEL CHAIRA,551
SANTA ROSALIA,552
SOATA,553
SAN JUAN NEPOMUCENO,554
SAN MARCOS,555
SALAZAR,556
FUNDACION,557
SIMACOTA,558
PITAL,559
LA PAZ,560
SUPATA,561
PIEDRAS,562
MEDINA,563
COLON,564
EL PAUJIL,565
MORELIA,566
BELEN DE LOS ANDAQUIES,567
CAJAMARCA,568
ZARAGOZA,569
GUAYATA,570
SAN PABLO,571
ROVIRA,572
TURMEQUE,573
ILES,574
SANTO DOMINGO,575
TIMBIO,576
TUBARA,577
BARBACOAS,578
CANASGORDAS,579
SANTA BARBARA,580
AGUADA,581
TOGüI,582
LEJANIAS,583
BUCARASICA,584
FUENTE DE ORO,585
PANQUEBA,586
EL CAIRO,587
RONCESVALLES,588
ANSERMANUEVO,589
SAMANA,590
GALAN,591
SALDANA,592
COYAIMA,593
EL ROSAL,594
BUESACO,595
PATIA,596
CONFINES,597
TAMINANGO,598
CANDELARIA,599
ALGARROBO,600
SUCRE,601
LA MERCED,602
VILLA RICA,603
SAN CARLOS DE GUAROA,604
SUAREZ,605
NORCASIA,606
SAN ONOFRE,607
TAUSA,608
MUZO,609
ITUANGO,610
GENOVA,611
SAN JOSE DE LA FRAGUA,612
SANTO TOMAS,613
MIRANDA,614
SAN VICENTE,615
SANTA ROSA DEL SUR,616
ARACATACA,617
TUTA,618
EL ESPINO,619
CHITAGA,620
BRICENO,621
VICTORIA,622
PACORA,623
MURILLO,624
PUERRES,625
CUCUTILLA,626
SAN LUIS DE GACENO,627
SANTA SOFIA,628
CANTAGALLO,629
CACERES,630
ARAUQUITA,631
TONA,632
BELEN,633
LA PEDRERA,634
JENESANO,635
DAGUA,636
SAN PABLO DE BORBUR,637
SAN ROQUE,638
POLICARPA,639
HATONUEVO,640
LA SIERRA,641
CUCAITA,642
MONGUA,643
TANGUA,644
BOYACA,645
IMUES,646
FALAN,647
GUATICA,648
ZETAQUIRA,649
ZONA BANANERA,650
HERVEO,651
SUSACON,652
GUACA,653
GUACAMAYAS,654
TALAIGUA NUEVO,655
EL CARMEN DE ATRATO,656
EL ROSARIO,657
CIENAGA DE ORO,658
SAMPUES,659
VETAS,660
PAEZ,661
CASABIANCA,662
CHIPAQUE,663
TARQUI,664
MARQUETALIA,665
SUTATENZA,666
PONEDERA,667
DURANIA,668
EL DOVIO,669
SIACHOQUE,670
CORINTO,671
MARIA LA BAJA,672
BARANOA,673
HELICONIA,674
YACOPI,675
PUERTO TEJADA,676
SABANAGRANDE,677
BETULIA,678
CHACHAGüI,679
ITAGüI,680
TIBACUY,681
QUIPILE,682
VIANI,683
SAN JOSE DEL PALMAR,684
PUEBLORRICO,685
SAN SEBASTIAN DE BUENAVISTA,686
MACHETA,687
OTANCHE,688
EL LITORAL DEL SAN JUAN,689
SITIONUEVO,690
PUPIALES,691
SAN ANTONIO,692
MARMATO,693
QUEBRADANEGRA,694
VENTAQUEMADA,695
FILADELFIA,696
UNION PANAMERICANA,697
RIO VIEJO,698
LA BELLEZA,699
SAN JUAN DE RIO SECO,700
CRAVO NORTE,701
SIMITI,702
SAN JOSE,703
MANATI,704
CUMARIBO,705
LA UVITA,706
TIBIRITA,707
SOCHA,708
BURITICA,709
CORRALES,710
MOTAVITA,711
PUERTO NARE,712
URIBE,713
ZIPACON,714
JERUSALEN,715
MESETAS,716
SANTA BARBARA DE PINTO,717
SAN BERNARDO,718
HATO,719
CHISCAS,720
CHIQUIZA,721
FLORESTA,722
NECHI,723
EL PLAYON,724
ALBAN,725
LA VICTORIA,726
QUETAME,727
SANTA HELENA DEL OPON,728
SAN EDUARDO,729
FORTUL,730
VILLAHERMOSA,731
ELIAS,732
SANTA ANA,733
FOSCA,734
CHAGUANI,735
ALEJANDRIA,736
SAN JACINTO,737
SINCE,738
JURADO,739
GUAYABETAL,740
PALMAR DE VARELA,741
LA CRUZ,742
SORA,743
OVEJAS,744
TOPAGA,745
SAN SEBASTIAN,746
GAMARRA,747
PIOJO,748
SURATA,749
UNGUIA,750
BERBEO,751
ARBOLEDAS,752
GUAYABAL DE SIQUIMA,753
QUIPAMA,754
MAJAGUAL,755
TORO,756
SAMANIEGO,757
LURUACO,758
LA CAPILLA,759
BECERRIL,760
EL DORADO,761
SAN PEDRO DE CARTAGO,762
CALOTO,763
SUAZA,764
ARGELIA,765
SAN MIGUEL,766
GIRALDO,767
UBALA,768
LANDAZURI,769
CERTEGUI,770
PIJINO DEL CARMEN,771
PUERTO SANTANDER,772
MAPIRIPAN,773
PUERTO RONDON,774
REGIDOR,775
MEDIO ATRATO,776
USIACURI,777
DOS QUEBRADAS,778
BUGA,779
CALIMA (DARIEN),780
ANTIOQUIA,781
CHACHAGUI,782
PURACE (COCONUCOS),783
TOLU,784
ITAGUI,785
STA ROSA DE OSOS,786
CoveNas,787
GRANADA (META),788
VILLA ROSARIO,789
PUERTO GAITAN (MANACACIAS),790
PUERTO INIRIDA,791
UBATE,792
CARMEN DE VIBORAL,793
SAN ANTONIO DE TENA,794
VALLE GUAMUEZ,795
VILLA AMAZONICA,796
AQUITANIA (PUEBLO VIEJO),797
RAFAEL REYES (APULO),798
EL CARMEN,799
PUERTO LEGUIZAMO,800
SAN JOSE DE ISNOS,801
GUICAN,802
TOGUI,803
MANAURE BALCON DL CESAR,804
VALLE SAN JOSE,805
OSPINA PEREZ,806
PATIA (EL BORDO),807
SAN CARLOS GUAROA,808
SAN JOSE DE FRAGUA,809
SAN JOSE LA MONTANA,810
ARIGUANI (EL DIFICIL),811
CASABLANCA,812
UNION  PANAMERICANA,813
SAN JUAN DE RIOSECO,814
PTO NARE(LAMAGDALENA),815
San Jose,816
LA URIBE,817
GRANADA (ANTIOQUIA),818
GRANADA (CUND.),819
SAN PABLO BORBUR,820
GUEPSA,821
RAGONVALIA,822
BAJO BAUDO (PIZARRO),823
BITUIMA,824
TAMARA,825
PIAMONTE,826
CHINAVITA,827
GUAPOTA,828
GUARANDA,829
ROBLES (LA PAZ),830
ENCISO,831
ALMEIDA,832
SOMONDOCO,833
CHAMEZA,834
CACOTA,835
ONZAGA,836
LA CHORRERA,837
SANTIAGO,838
GUACHUCAL,839
PASCA,840
EL GUACAMAYO,841
MUTISCUA,842
CARMEN DE CARUPA,843
ABREGO,844
BELTRAN,845
SAN CAYETANO,846
ANZOATEGUI,847
HUILA,848
PAJARITO,849
GAMA,850
LOS ANDES (SOTO MAYOR),851
EL CASTILLO,852
SAN JUANITO,853
TORIBIO,854
TURBANA,855
PANDI,856
ACHI,857
MARULANDA,858
PALOCABILDO,859
PUERTO PARRA,860
SANTA ISABEL,861
OBANDO,862
SUAN,863
CONSACA,864
ANGELOPOLIS,865
UMBITA,866
TUCHIN,867
MONTEBELLO,868
GUAITARILLA,869
"BOGOTA, D.C.",870
USAQUEN,871
ENGATIVA,872
BOSA,873
FONTIBON,874
SUBA,875
OLAYA HERRERA,876
USME,877
SAN ANDRES DE SOTAVENTO,878
URAMITA,879
PADILLA,880
BAGADO,881
CHIVATA,882
MOLAGAVITA,883
SAN DIEGO,884
GAMEZA,885
EL CALVARIO,886
FUNES,887
CUNDAY,888
SILOS,889
SOLANO,890
BOAVITA,891
SANTA ROSA,892
BARRANCO MINAS,893
CAMPAMENTO,894
CUBARA,895
URUMITA,896
PUERTO CONCORDIA,897
EL PENON,898
ASTREA,899
MORROA,900
SALADOBLANCO,901
LENGUAZAQUE,902
ICUIRA,903
GRAMALOTE,904
PAYA,905
SAN BENITO,906
MORALES,907
SAN SEBASTIAN BUE,908
OCAÑA,909
Coveñas,910
PUERTO CARREÑO,911
PUERTO NARIÑO,912
PEÑOL,913
SAN JOSE LA MONTAÑA,914
CAÑASGORDAS,915
BRICEÑO,916
LA PEÑA,917
NARIÑO,918
SALDAÑA,919
EL PEÑON,920
SAN ESTANISLAO,921
ANZA,922
EL RETORNO,923
SABOYA,924
LABRANZAGRANDE,925
PIJIÑO DEL CARMEN,926
LA LLANADA,927
MERCADERES,928
CAMPOHERMOSO,929
SAPUYES,930
MARIPI,931
EL TAMBO,932
NOVITA,933
POLONUEVO,934
PULI,935
LOPEZ (MICAY),936
LOS PALMITOS,937
CARURU,938
EL CHARCO,939
COLOSO,940
MANTA,941
LINARES,942
CHARTA,943
TIMBIQUI,944
GUAVATA,945
